<root>
	<element>
		<sequence>
			<mark></mark>
			<mark>K</mark>
			<pause time="EIGHTH"></pause>
		</sequence>

		<sequence>
			<pause time="FULL"></pause>
			<mark></mark>
		</sequence>
	</element>

	<element>
		<sequence>
			<accord>
				<mark name="C" octave="TWO_COMMA" time="FULL" dot="FRUE" shift="NO"></mark>
			</accord>
			<accord>
				<mark name="E" octave="BIG" time="HALF" dot="FALSE" shift="HASH">
				</mark>
			</accord>
			
		</sequence>
			
		<sequence>
			<accord>
				<mark name="F" octave="ONE_COMMA" time="THREETHYHT" dot="FALSE" shift="NO"></mark>
				<mark name="G" octave="ONE_COMMA" time="FULL" dot="FALSE" shift="B"></mark>
			</accord>
			<mark></mark>
			<mark>K</mark>
			<pause time="SIXTEENTH"></pause>
		</sequence>
	</element>
	
	<element>
		<sequence>
			<accord>
				<mark name="H" octave="CONTRA" time="FULL" dot="FALSE" shift="NO"></mark>
			</accord>
		</sequence>

		<sequence>
			<accord>
				<mark name="H" octave="CONTRA" time="FULL" dot="FALSE" shift="NO"></mark>
			</accord>
		</sequence>
	</element>

	<element>
		<sequence>
			<pause time="HALF"></pause>
			<mark>K</mark>
			<mark></mark>
			<mark>K</mark>
		</sequence>

		<sequence>
			<mark></mark>
		</sequence>
	</element>
</root>